# {"t_start": 1568582965.0341592, "env_id": "HalfCheetah-v2"} 
r,l,t
-852.331174,1000,0.776677
-928.925088,1000,1.604109
-773.074142,1000,2.510092
-901.235216,1000,3.382121
-775.308663,1000,4.239196
-798.320551,1000,5.097578
-697.326515,1000,5.957181
-934.266173,1000,6.817933
-778.208223,1000,7.669504
-929.070048,1000,8.55456
-864.442468,1000,9.5489
