# {"t_start": 1568066494.2954416, "env_id": "HalfCheetah-v2"} 
r,l,t
-819.329815,1000,3.879179
